level,question,source_url,source_type,source_title
Remember,Who?,https://blogs.jccc.edu/outcomesassessment/files/2018/02/Sample-Question-Stems-Using-Blooms.pdf,pdf,
Remember,Where?,https://blogs.jccc.edu/outcomesassessment/files/2018/02/Sample-Question-Stems-Using-Blooms.pdf,pdf,
Remember,Which one?,https://blogs.jccc.edu/outcomesassessment/files/2018/02/Sample-Question-Stems-Using-Blooms.pdf,pdf,
Remember,What?,https://blogs.jccc.edu/outcomesassessment/files/2018/02/Sample-Question-Stems-Using-Blooms.pdf,pdf,
Remember,How?,https://blogs.jccc.edu/outcomesassessment/files/2018/02/Sample-Question-Stems-Using-Blooms.pdf,pdf,
Remember,Why?,https://blogs.jccc.edu/outcomesassessment/files/2018/02/Sample-Question-Stems-Using-Blooms.pdf,pdf,
Remember,How much?,https://blogs.jccc.edu/outcomesassessment/files/2018/02/Sample-Question-Stems-Using-Blooms.pdf,pdf,
Remember,How many?,https://blogs.jccc.edu/outcomesassessment/files/2018/02/Sample-Question-Stems-Using-Blooms.pdf,pdf,
Remember,When?,https://blogs.jccc.edu/outcomesassessment/files/2018/02/Sample-Question-Stems-Using-Blooms.pdf,pdf,
Remember,What does it mean?,https://blogs.jccc.edu/outcomesassessment/files/2018/02/Sample-Question-Stems-Using-Blooms.pdf,pdf,
Remember,What happened after?,https://blogs.jccc.edu/outcomesassessment/files/2018/02/Sample-Question-Stems-Using-Blooms.pdf,pdf,
Remember,What is the best one?,https://blogs.jccc.edu/outcomesassessment/files/2018/02/Sample-Question-Stems-Using-Blooms.pdf,pdf,
Remember,…?,https://blogs.jccc.edu/outcomesassessment/files/2018/02/Sample-Question-Stems-Using-Blooms.pdf,pdf,
Remember,Who spoke to …?,https://blogs.jccc.edu/outcomesassessment/files/2018/02/Sample-Question-Stems-Using-Blooms.pdf,pdf,
Remember,Which is true or false?,https://blogs.jccc.edu/outcomesassessment/files/2018/02/Sample-Question-Stems-Using-Blooms.pdf,pdf,
Remember,What does this mean?,https://blogs.jccc.edu/outcomesassessment/files/2018/02/Sample-Question-Stems-Using-Blooms.pdf,pdf,
Remember,Which are the facts?,https://blogs.jccc.edu/outcomesassessment/files/2018/02/Sample-Question-Stems-Using-Blooms.pdf,pdf,
Remember,Is this the same as …?,https://blogs.jccc.edu/outcomesassessment/files/2018/02/Sample-Question-Stems-Using-Blooms.pdf,pdf,
Remember,What would happen if …?,https://blogs.jccc.edu/outcomesassessment/files/2018/02/Sample-Question-Stems-Using-Blooms.pdf,pdf,
Remember,What expectations are there?,https://blogs.jccc.edu/outcomesassessment/files/2018/02/Sample-Question-Stems-Using-Blooms.pdf,pdf,
Remember,What are they saying?,https://blogs.jccc.edu/outcomesassessment/files/2018/02/Sample-Question-Stems-Using-Blooms.pdf,pdf,
Remember,What seems to be …?,https://blogs.jccc.edu/outcomesassessment/files/2018/02/Sample-Question-Stems-Using-Blooms.pdf,pdf,
Remember,Is it valid that …?,https://blogs.jccc.edu/outcomesassessment/files/2018/02/Sample-Question-Stems-Using-Blooms.pdf,pdf,
Remember,What seems likely?,https://blogs.jccc.edu/outcomesassessment/files/2018/02/Sample-Question-Stems-Using-Blooms.pdf,pdf,
Remember,Which statements support …?,https://blogs.jccc.edu/outcomesassessment/files/2018/02/Sample-Question-Stems-Using-Blooms.pdf,pdf,
Remember,add?,https://blogs.jccc.edu/outcomesassessment/files/2018/02/Sample-Question-Stems-Using-Blooms.pdf,pdf,
Remember,next?,https://blogs.jccc.edu/outcomesassessment/files/2018/02/Sample-Question-Stems-Using-Blooms.pdf,pdf,
Remember,Can you clarify. . .?,https://blogs.jccc.edu/outcomesassessment/files/2018/02/Sample-Question-Stems-Using-Blooms.pdf,pdf,
Remember,Can you illustrate . . . ?,https://blogs.jccc.edu/outcomesassessment/files/2018/02/Sample-Question-Stems-Using-Blooms.pdf,pdf,
Remember,that … does?,https://blogs.jccc.edu/outcomesassessment/files/2018/02/Sample-Question-Stems-Using-Blooms.pdf,pdf,
Remember,Predict what would happen if ...,https://blogs.jccc.edu/outcomesassessment/files/2018/02/Sample-Question-Stems-Using-Blooms.pdf,pdf,
Evaluate,What would result …?,https://blogs.jccc.edu/outcomesassessment/files/2018/02/Sample-Question-Stems-Using-Blooms.pdf,pdf,
Evaluate,Tell what would happen if …,https://blogs.jccc.edu/outcomesassessment/files/2018/02/Sample-Question-Stems-Using-Blooms.pdf,pdf,
Evaluate,be if …,https://blogs.jccc.edu/outcomesassessment/files/2018/02/Sample-Question-Stems-Using-Blooms.pdf,pdf,
Evaluate,Identify the results of …,https://blogs.jccc.edu/outcomesassessment/files/2018/02/Sample-Question-Stems-Using-Blooms.pdf,pdf,
Evaluate,Write in your own words …,https://blogs.jccc.edu/outcomesassessment/files/2018/02/Sample-Question-Stems-Using-Blooms.pdf,pdf,
Evaluate,How would you explain …?,https://blogs.jccc.edu/outcomesassessment/files/2018/02/Sample-Question-Stems-Using-Blooms.pdf,pdf,
Evaluate,Write a brief outline …,https://blogs.jccc.edu/outcomesassessment/files/2018/02/Sample-Question-Stems-Using-Blooms.pdf,pdf,
Evaluate,happened next?,https://blogs.jccc.edu/outcomesassessment/files/2018/02/Sample-Question-Stems-Using-Blooms.pdf,pdf,
Evaluate,Who do you think…?,https://blogs.jccc.edu/outcomesassessment/files/2018/02/Sample-Question-Stems-Using-Blooms.pdf,pdf,
Evaluate,What was the main idea …?,https://blogs.jccc.edu/outcomesassessment/files/2018/02/Sample-Question-Stems-Using-Blooms.pdf,pdf,
Evaluate,Clarify why …,https://blogs.jccc.edu/outcomesassessment/files/2018/02/Sample-Question-Stems-Using-Blooms.pdf,pdf,
Evaluate,Illustrate the …,https://blogs.jccc.edu/outcomesassessment/files/2018/02/Sample-Question-Stems-Using-Blooms.pdf,pdf,
Evaluate,… does?,https://blogs.jccc.edu/outcomesassessment/files/2018/02/Sample-Question-Stems-Using-Blooms.pdf,pdf,
Evaluate,where …?,https://blogs.jccc.edu/outcomesassessment/files/2018/02/Sample-Question-Stems-Using-Blooms.pdf,pdf,
Evaluate,such as …?,https://blogs.jccc.edu/outcomesassessment/files/2018/02/Sample-Question-Stems-Using-Blooms.pdf,pdf,
Evaluate,…?,https://blogs.jccc.edu/outcomesassessment/files/2018/02/Sample-Question-Stems-Using-Blooms.pdf,pdf,
Evaluate,about …?,https://blogs.jccc.edu/outcomesassessment/files/2018/02/Sample-Question-Stems-Using-Blooms.pdf,pdf,
Analyze,What is the function of …?,https://blogs.jccc.edu/outcomesassessment/files/2018/02/Sample-Question-Stems-Using-Blooms.pdf,pdf,
Analyze,What’s fact? Opinion?,https://blogs.jccc.edu/outcomesassessment/files/2018/02/Sample-Question-Stems-Using-Blooms.pdf,pdf,
Analyze,What assumptions …?,https://blogs.jccc.edu/outcomesassessment/files/2018/02/Sample-Question-Stems-Using-Blooms.pdf,pdf,
Analyze,What statement is relevant?,https://blogs.jccc.edu/outcomesassessment/files/2018/02/Sample-Question-Stems-Using-Blooms.pdf,pdf,
Analyze,What motive is there?,https://blogs.jccc.edu/outcomesassessment/files/2018/02/Sample-Question-Stems-Using-Blooms.pdf,pdf,
Analyze,What conclusions?,https://blogs.jccc.edu/outcomesassessment/files/2018/02/Sample-Question-Stems-Using-Blooms.pdf,pdf,
Analyze,What does the author believe?,https://blogs.jccc.edu/outcomesassessment/files/2018/02/Sample-Question-Stems-Using-Blooms.pdf,pdf,
Analyze,What does the author assume?,https://blogs.jccc.edu/outcomesassessment/files/2018/02/Sample-Question-Stems-Using-Blooms.pdf,pdf,
Analyze,State the point of view of …,https://blogs.jccc.edu/outcomesassessment/files/2018/02/Sample-Question-Stems-Using-Blooms.pdf,pdf,
Apply,What ideas justify the conclusion?,https://blogs.jccc.edu/outcomesassessment/files/2018/02/Sample-Question-Stems-Using-Blooms.pdf,pdf,
Apply,What’s the relationship between?,https://blogs.jccc.edu/outcomesassessment/files/2018/02/Sample-Question-Stems-Using-Blooms.pdf,pdf,
Apply,…,https://blogs.jccc.edu/outcomesassessment/files/2018/02/Sample-Question-Stems-Using-Blooms.pdf,pdf,
Apply,What’s the main idea? Theme?,https://blogs.jccc.edu/outcomesassessment/files/2018/02/Sample-Question-Stems-Using-Blooms.pdf,pdf,
Apply,What literary form is used?,https://blogs.jccc.edu/outcomesassessment/files/2018/02/Sample-Question-Stems-Using-Blooms.pdf,pdf,
Apply,What persuasive technique is used?,https://blogs.jccc.edu/outcomesassessment/files/2018/02/Sample-Question-Stems-Using-Blooms.pdf,pdf,
Apply,happened?,https://blogs.jccc.edu/outcomesassessment/files/2018/02/Sample-Question-Stems-Using-Blooms.pdf,pdf,
Apply,"If … happened, what might the",https://blogs.jccc.edu/outcomesassessment/files/2018/02/Sample-Question-Stems-Using-Blooms.pdf,pdf,
Apply,ending have been?,https://blogs.jccc.edu/outcomesassessment/files/2018/02/Sample-Question-Stems-Using-Blooms.pdf,pdf,
Apply,How is … similar to …?,https://blogs.jccc.edu/outcomesassessment/files/2018/02/Sample-Question-Stems-Using-Blooms.pdf,pdf,
Apply,outcomes?,https://blogs.jccc.edu/outcomesassessment/files/2018/02/Sample-Question-Stems-Using-Blooms.pdf,pdf,
Apply,Why did … changes occur?,https://blogs.jccc.edu/outcomesassessment/files/2018/02/Sample-Question-Stems-Using-Blooms.pdf,pdf,
Apply,happened when …?,https://blogs.jccc.edu/outcomesassessment/files/2018/02/Sample-Question-Stems-Using-Blooms.pdf,pdf,
Apply,behind …?,https://blogs.jccc.edu/outcomesassessment/files/2018/02/Sample-Question-Stems-Using-Blooms.pdf,pdf,
Apply,What was the turning point?,https://blogs.jccc.edu/outcomesassessment/files/2018/02/Sample-Question-Stems-Using-Blooms.pdf,pdf,
Apply,…?,https://blogs.jccc.edu/outcomesassessment/files/2018/02/Sample-Question-Stems-Using-Blooms.pdf,pdf,
Apply,Can you distinguish between …?,https://blogs.jccc.edu/outcomesassessment/files/2018/02/Sample-Question-Stems-Using-Blooms.pdf,pdf,
Apply,inconsistencies appear?,https://blogs.jccc.edu/outcomesassessment/files/2018/02/Sample-Question-Stems-Using-Blooms.pdf,pdf,
Apply,appropriate?,https://blogs.jccc.edu/outcomesassessment/files/2018/02/Sample-Question-Stems-Using-Blooms.pdf,pdf,
Evaluate,What do you think about …?,https://blogs.jccc.edu/outcomesassessment/files/2018/02/Sample-Question-Stems-Using-Blooms.pdf,pdf,
Evaluate,Do you think … is a good or,https://blogs.jccc.edu/outcomesassessment/files/2018/02/Sample-Question-Stems-Using-Blooms.pdf,pdf,
Evaluate,bad thing?,https://blogs.jccc.edu/outcomesassessment/files/2018/02/Sample-Question-Stems-Using-Blooms.pdf,pdf,
Evaluate,What changes to … would,https://blogs.jccc.edu/outcomesassessment/files/2018/02/Sample-Question-Stems-Using-Blooms.pdf,pdf,
Evaluate,you recommend?,https://blogs.jccc.edu/outcomesassessment/files/2018/02/Sample-Question-Stems-Using-Blooms.pdf,pdf,
Evaluate,Do you believe …?,https://blogs.jccc.edu/outcomesassessment/files/2018/02/Sample-Question-Stems-Using-Blooms.pdf,pdf,
Evaluate,How would you feel if …?,https://blogs.jccc.edu/outcomesassessment/files/2018/02/Sample-Question-Stems-Using-Blooms.pdf,pdf,
Evaluate,How effective are …?,https://blogs.jccc.edu/outcomesassessment/files/2018/02/Sample-Question-Stems-Using-Blooms.pdf,pdf,
Evaluate,What influence will … have,https://blogs.jccc.edu/outcomesassessment/files/2018/02/Sample-Question-Stems-Using-Blooms.pdf,pdf,
Evaluate,on our lives?,https://blogs.jccc.edu/outcomesassessment/files/2018/02/Sample-Question-Stems-Using-Blooms.pdf,pdf,
Evaluate,Why is … of value?,https://blogs.jccc.edu/outcomesassessment/files/2018/02/Sample-Question-Stems-Using-Blooms.pdf,pdf,
Evaluate,What are the alternatives?,https://blogs.jccc.edu/outcomesassessment/files/2018/02/Sample-Question-Stems-Using-Blooms.pdf,pdf,
Evaluate,lose?,https://blogs.jccc.edu/outcomesassessment/files/2018/02/Sample-Question-Stems-Using-Blooms.pdf,pdf,
Evaluate,Can you design a … to,https://blogs.jccc.edu/outcomesassessment/files/2018/02/Sample-Question-Stems-Using-Blooms.pdf,pdf,
Evaluate,solution to …?,https://blogs.jccc.edu/outcomesassessment/files/2018/02/Sample-Question-Stems-Using-Blooms.pdf,pdf,
Evaluate,you deal with …?,https://blogs.jccc.edu/outcomesassessment/files/2018/02/Sample-Question-Stems-Using-Blooms.pdf,pdf,
Evaluate,your own way to …?,https://blogs.jccc.edu/outcomesassessment/files/2018/02/Sample-Question-Stems-Using-Blooms.pdf,pdf,
Evaluate,What would happen if?,https://blogs.jccc.edu/outcomesassessment/files/2018/02/Sample-Question-Stems-Using-Blooms.pdf,pdf,
Create,unusual uses for …?,https://blogs.jccc.edu/outcomesassessment/files/2018/02/Sample-Question-Stems-Using-Blooms.pdf,pdf,
Create,…?,https://blogs.jccc.edu/outcomesassessment/files/2018/02/Sample-Question-Stems-Using-Blooms.pdf,pdf,
Create,How would you test …?,https://blogs.jccc.edu/outcomesassessment/files/2018/02/Sample-Question-Stems-Using-Blooms.pdf,pdf,
Create,How else would you …?,https://blogs.jccc.edu/outcomesassessment/files/2018/02/Sample-Question-Stems-Using-Blooms.pdf,pdf,
Remember,What is…? • Can you select? • Where is…? • When did ____ happen?,https://www.readingrockets.org/sites/default/files/2023-09/Blooms%20Taxonomy%20questions.pdf,pdf,
Remember,Who were the main…? • Which one…? • Why did…? • How would you describe…?,https://www.readingrockets.org/sites/default/files/2023-09/Blooms%20Taxonomy%20questions.pdf,pdf,
Remember,When did…? • Can you recall…? • Who was… ? • How would you explain…?,https://www.readingrockets.org/sites/default/files/2023-09/Blooms%20Taxonomy%20questions.pdf,pdf,
Remember,How did ___happen…? • Can you list the three..? • How is…?,https://www.readingrockets.org/sites/default/files/2023-09/Blooms%20Taxonomy%20questions.pdf,pdf,
Remember,How would you show…?,https://www.readingrockets.org/sites/default/files/2023-09/Blooms%20Taxonomy%20questions.pdf,pdf,
Understand,How would you classify the type of…? • How would you compare…? contrast…?,https://www.readingrockets.org/sites/default/files/2023-09/Blooms%20Taxonomy%20questions.pdf,pdf,
Understand,Will you state or interpret in your own words…?,https://www.readingrockets.org/sites/default/files/2023-09/Blooms%20Taxonomy%20questions.pdf,pdf,
Understand,How would you rephrase the meaning?,https://www.readingrockets.org/sites/default/files/2023-09/Blooms%20Taxonomy%20questions.pdf,pdf,
Understand,What facts or ideas show…? • What is the main idea of ……?,https://www.readingrockets.org/sites/default/files/2023-09/Blooms%20Taxonomy%20questions.pdf,pdf,
Understand,Which statements support…? • Which is the best answer…?,https://www.readingrockets.org/sites/default/files/2023-09/Blooms%20Taxonomy%20questions.pdf,pdf,
Understand,What can you say about …? • How would you summarize… ?,https://www.readingrockets.org/sites/default/files/2023-09/Blooms%20Taxonomy%20questions.pdf,pdf,
Understand,Can you explain what is happening…? • What is meant by…?,https://www.readingrockets.org/sites/default/files/2023-09/Blooms%20Taxonomy%20questions.pdf,pdf,
Apply,How would you use…? • How would you solve ___ using what you’ve learned…?,https://www.readingrockets.org/sites/default/files/2023-09/Blooms%20Taxonomy%20questions.pdf,pdf,
Understand,How would you organize _______ to show…?,https://www.readingrockets.org/sites/default/files/2023-09/Blooms%20Taxonomy%20questions.pdf,pdf,
Apply,What approach would you use to…? • What other way would you plan to…?,https://www.readingrockets.org/sites/default/files/2023-09/Blooms%20Taxonomy%20questions.pdf,pdf,
Apply,What would result if…? • Can you make use of the facts to…?,https://www.readingrockets.org/sites/default/files/2023-09/Blooms%20Taxonomy%20questions.pdf,pdf,
Apply,What elements would you use to change…? • What facts would you select to show…?,https://www.readingrockets.org/sites/default/files/2023-09/Blooms%20Taxonomy%20questions.pdf,pdf,
Apply,What questions would you ask during an interview?,https://www.readingrockets.org/sites/default/files/2023-09/Blooms%20Taxonomy%20questions.pdf,pdf,
Analyze,What are the parts or features of . . . ? • How is _______ related to . . . ?,https://www.readingrockets.org/sites/default/files/2023-09/Blooms%20Taxonomy%20questions.pdf,pdf,
Analyze,Why do you think . . . ? • What is the theme . . . ? • What motive is there . . . ?,https://www.readingrockets.org/sites/default/files/2023-09/Blooms%20Taxonomy%20questions.pdf,pdf,
Analyze,Can you list the parts . . . ? • What inference can you make . . . ?,https://www.readingrockets.org/sites/default/files/2023-09/Blooms%20Taxonomy%20questions.pdf,pdf,
Analyze,What conclusions can you draw . . . ? • How would you classify . . . ?,https://www.readingrockets.org/sites/default/files/2023-09/Blooms%20Taxonomy%20questions.pdf,pdf,
Analyze,How would you categorize . . . ? • Can you identify the different parts . . . ?,https://www.readingrockets.org/sites/default/files/2023-09/Blooms%20Taxonomy%20questions.pdf,pdf,
Analyze,What evidence can you find . . . ? • What is the relationship between . . . ?,https://www.readingrockets.org/sites/default/files/2023-09/Blooms%20Taxonomy%20questions.pdf,pdf,
Analyze,Can you make a distinction between . . . ? • What is the function of . . . ?,https://www.readingrockets.org/sites/default/files/2023-09/Blooms%20Taxonomy%20questions.pdf,pdf,
Analyze,What ideas justify . . . ?,https://www.readingrockets.org/sites/default/files/2023-09/Blooms%20Taxonomy%20questions.pdf,pdf,
Create,What changes would you make to solve…? • How would you improve…?,https://www.readingrockets.org/sites/default/files/2023-09/Blooms%20Taxonomy%20questions.pdf,pdf,
Create,What would happen if…? • Can you elaborate on the reason…?,https://www.readingrockets.org/sites/default/files/2023-09/Blooms%20Taxonomy%20questions.pdf,pdf,
Create,Can you propose an alternative…? • Can you invent…?,https://www.readingrockets.org/sites/default/files/2023-09/Blooms%20Taxonomy%20questions.pdf,pdf,
Create,How could you change (modify) the plot (plan)…? • What facts can you compile…?,https://www.readingrockets.org/sites/default/files/2023-09/Blooms%20Taxonomy%20questions.pdf,pdf,
Create,What way would you design…? • What could be combined to improve (change)…?,https://www.readingrockets.org/sites/default/files/2023-09/Blooms%20Taxonomy%20questions.pdf,pdf,
Create,Suppose you could _____what would you do…? • How would you test…?,https://www.readingrockets.org/sites/default/files/2023-09/Blooms%20Taxonomy%20questions.pdf,pdf,
Create,Can you formulate a theory for…? • Can you predict the outcome if… ?,https://www.readingrockets.org/sites/default/files/2023-09/Blooms%20Taxonomy%20questions.pdf,pdf,
Create,How would you estimate the results for…? • What could be done to minimize,https://www.readingrockets.org/sites/default/files/2023-09/Blooms%20Taxonomy%20questions.pdf,pdf,
Create,(maximize)…?,https://www.readingrockets.org/sites/default/files/2023-09/Blooms%20Taxonomy%20questions.pdf,pdf,
Create,Can you construct a model that would change…? • How is _____ related to…?,https://www.readingrockets.org/sites/default/files/2023-09/Blooms%20Taxonomy%20questions.pdf,pdf,
Create,Can you think for an original way for the…? • What are the parts or features of…?,https://www.readingrockets.org/sites/default/files/2023-09/Blooms%20Taxonomy%20questions.pdf,pdf,
Create,Why do you think…? • What is the theme…? • What motive is there…?,https://www.readingrockets.org/sites/default/files/2023-09/Blooms%20Taxonomy%20questions.pdf,pdf,
Create,Can you list the parts…? • What inference can you make…? …? • What ideas justify…?,https://www.readingrockets.org/sites/default/files/2023-09/Blooms%20Taxonomy%20questions.pdf,pdf,
Create,What conclusions can you draw… ? • How would you classify…?,https://www.readingrockets.org/sites/default/files/2023-09/Blooms%20Taxonomy%20questions.pdf,pdf,
Create,How would you categorize…? • Can you identify the different parts… ?,https://www.readingrockets.org/sites/default/files/2023-09/Blooms%20Taxonomy%20questions.pdf,pdf,
Create,What evidence can you find…? • What is the relationship between…?,https://www.readingrockets.org/sites/default/files/2023-09/Blooms%20Taxonomy%20questions.pdf,pdf,
Create,Can you make the distinction between…? • What is the function of,https://www.readingrockets.org/sites/default/files/2023-09/Blooms%20Taxonomy%20questions.pdf,pdf,
Evaluate,Do you agree with the actions/outcome…? • What is your opinion of…?,https://www.readingrockets.org/sites/default/files/2023-09/Blooms%20Taxonomy%20questions.pdf,pdf,
Evaluate,How would you prove/ disprove…? • Can you assess the value or importance of…?,https://www.readingrockets.org/sites/default/files/2023-09/Blooms%20Taxonomy%20questions.pdf,pdf,
Evaluate,Would it be better if…? • Why did they (the character) choose…?,https://www.readingrockets.org/sites/default/files/2023-09/Blooms%20Taxonomy%20questions.pdf,pdf,
Evaluate,What would you recommend…? • How would you rate the…?,https://www.readingrockets.org/sites/default/files/2023-09/Blooms%20Taxonomy%20questions.pdf,pdf,
Evaluate,How could you determine…? • What choice would you have made…?,https://www.readingrockets.org/sites/default/files/2023-09/Blooms%20Taxonomy%20questions.pdf,pdf,
Evaluate,What would you select…? • How would you prioritize…? • How would you justify…?,https://www.readingrockets.org/sites/default/files/2023-09/Blooms%20Taxonomy%20questions.pdf,pdf,
Evaluate,What judgment would you make about…? • Why was it better that…?,https://www.readingrockets.org/sites/default/files/2023-09/Blooms%20Taxonomy%20questions.pdf,pdf,
Evaluate,How would you prioritize the facts…? • What would you cite to defend the actions…?,https://www.readingrockets.org/sites/default/files/2023-09/Blooms%20Taxonomy%20questions.pdf,pdf,
Evaluate,What data was used to make the conclusion…?,https://www.readingrockets.org/sites/default/files/2023-09/Blooms%20Taxonomy%20questions.pdf,pdf,
Evaluate,What information would you use to support the view…?,https://www.readingrockets.org/sites/default/files/2023-09/Blooms%20Taxonomy%20questions.pdf,pdf,
Evaluate,"Based on what you know, how would you explain…?",https://www.readingrockets.org/sites/default/files/2023-09/Blooms%20Taxonomy%20questions.pdf,pdf,
Remember,Make a story map showing the main events of the story.,https://higherelearning.com/wp-content/uploads/2016/09/Blooms-Taxonomy-Question-Stems-Jason-Johnston.pdf,pdf,
Remember,Make a time line of your typical day.,https://higherelearning.com/wp-content/uploads/2016/09/Blooms-Taxonomy-Question-Stems-Jason-Johnston.pdf,pdf,
Remember,Make a concept map of the topic.,https://higherelearning.com/wp-content/uploads/2016/09/Blooms-Taxonomy-Question-Stems-Jason-Johnston.pdf,pdf,
Remember,Write a list of keywords you know about….,https://higherelearning.com/wp-content/uploads/2016/09/Blooms-Taxonomy-Question-Stems-Jason-Johnston.pdf,pdf,
Remember,What characters were in the story?,https://higherelearning.com/wp-content/uploads/2016/09/Blooms-Taxonomy-Question-Stems-Jason-Johnston.pdf,pdf,
Remember,Make a chart showing…,https://higherelearning.com/wp-content/uploads/2016/09/Blooms-Taxonomy-Question-Stems-Jason-Johnston.pdf,pdf,
Remember,Make an acrostic poem about…,https://higherelearning.com/wp-content/uploads/2016/09/Blooms-Taxonomy-Question-Stems-Jason-Johnston.pdf,pdf,
Remember,Recite a poem you have learned.,https://higherelearning.com/wp-content/uploads/2016/09/Blooms-Taxonomy-Question-Stems-Jason-Johnston.pdf,pdf,
Remember,What happened after...?,https://higherelearning.com/wp-content/uploads/2016/09/Blooms-Taxonomy-Question-Stems-Jason-Johnston.pdf,pdf,
Remember,How many...?,https://higherelearning.com/wp-content/uploads/2016/09/Blooms-Taxonomy-Question-Stems-Jason-Johnston.pdf,pdf,
Remember,What is...?,https://higherelearning.com/wp-content/uploads/2016/09/Blooms-Taxonomy-Question-Stems-Jason-Johnston.pdf,pdf,
Remember,Who was it that...?,https://higherelearning.com/wp-content/uploads/2016/09/Blooms-Taxonomy-Question-Stems-Jason-Johnston.pdf,pdf,
Remember,Name the ...?,https://higherelearning.com/wp-content/uploads/2016/09/Blooms-Taxonomy-Question-Stems-Jason-Johnston.pdf,pdf,
Remember,Find the definition of…,https://higherelearning.com/wp-content/uploads/2016/09/Blooms-Taxonomy-Question-Stems-Jason-Johnston.pdf,pdf,
Remember,Describe what happened after…,https://higherelearning.com/wp-content/uploads/2016/09/Blooms-Taxonomy-Question-Stems-Jason-Johnston.pdf,pdf,
Remember,Who spoke to...?,https://higherelearning.com/wp-content/uploads/2016/09/Blooms-Taxonomy-Question-Stems-Jason-Johnston.pdf,pdf,
Remember,Which is true or false...?,https://higherelearning.com/wp-content/uploads/2016/09/Blooms-Taxonomy-Question-Stems-Jason-Johnston.pdf,pdf,
Understand, Write in your own words…,https://higherelearning.com/wp-content/uploads/2016/09/Blooms-Taxonomy-Question-Stems-Jason-Johnston.pdf,pdf,
Understand,"Cut out, or draw pictures to illustrate a particular event in the story.",https://higherelearning.com/wp-content/uploads/2016/09/Blooms-Taxonomy-Question-Stems-Jason-Johnston.pdf,pdf,
Understand,Report to the class…,https://higherelearning.com/wp-content/uploads/2016/09/Blooms-Taxonomy-Question-Stems-Jason-Johnston.pdf,pdf,
Understand,Illustrate what you think the main idea may have been.,https://higherelearning.com/wp-content/uploads/2016/09/Blooms-Taxonomy-Question-Stems-Jason-Johnston.pdf,pdf,
Understand,Make a cartoon strip showing the sequence of events in the story.,https://higherelearning.com/wp-content/uploads/2016/09/Blooms-Taxonomy-Question-Stems-Jason-Johnston.pdf,pdf,
Understand,Write and perform a play based on the story.,https://higherelearning.com/wp-content/uploads/2016/09/Blooms-Taxonomy-Question-Stems-Jason-Johnston.pdf,pdf,
Understand,Write a brief outline to explain this story to someone else,https://higherelearning.com/wp-content/uploads/2016/09/Blooms-Taxonomy-Question-Stems-Jason-Johnston.pdf,pdf,
Understand,Explain why the character solved the problem in this particular way,https://higherelearning.com/wp-content/uploads/2016/09/Blooms-Taxonomy-Question-Stems-Jason-Johnston.pdf,pdf,
Understand,Write a summary report of the event.,https://higherelearning.com/wp-content/uploads/2016/09/Blooms-Taxonomy-Question-Stems-Jason-Johnston.pdf,pdf,
Understand,Prepare a flow chart to illustrate the sequence of events.,https://higherelearning.com/wp-content/uploads/2016/09/Blooms-Taxonomy-Question-Stems-Jason-Johnston.pdf,pdf,
Understand,Paraphrase this chapter in the book.,https://higherelearning.com/wp-content/uploads/2016/09/Blooms-Taxonomy-Question-Stems-Jason-Johnston.pdf,pdf,
Understand,Retell in your own words.,https://higherelearning.com/wp-content/uploads/2016/09/Blooms-Taxonomy-Question-Stems-Jason-Johnston.pdf,pdf,
Understand,Outline the main points.,https://higherelearning.com/wp-content/uploads/2016/09/Blooms-Taxonomy-Question-Stems-Jason-Johnston.pdf,pdf,
Understand,Can you explain why…?,https://higherelearning.com/wp-content/uploads/2016/09/Blooms-Taxonomy-Question-Stems-Jason-Johnston.pdf,pdf,
Understand,Can you write in your own words?,https://higherelearning.com/wp-content/uploads/2016/09/Blooms-Taxonomy-Question-Stems-Jason-Johnston.pdf,pdf,
Understand,How would you explain…?,https://higherelearning.com/wp-content/uploads/2016/09/Blooms-Taxonomy-Question-Stems-Jason-Johnston.pdf,pdf,
Understand,Can you write a brief outline...?,https://higherelearning.com/wp-content/uploads/2016/09/Blooms-Taxonomy-Question-Stems-Jason-Johnston.pdf,pdf,
Understand,What do you think could have happened next...?,https://higherelearning.com/wp-content/uploads/2016/09/Blooms-Taxonomy-Question-Stems-Jason-Johnston.pdf,pdf,
Understand,Who do you think...?,https://higherelearning.com/wp-content/uploads/2016/09/Blooms-Taxonomy-Question-Stems-Jason-Johnston.pdf,pdf,
Understand,What was the main idea...?,https://higherelearning.com/wp-content/uploads/2016/09/Blooms-Taxonomy-Question-Stems-Jason-Johnston.pdf,pdf,
Understand,Can you clarify…?,https://higherelearning.com/wp-content/uploads/2016/09/Blooms-Taxonomy-Question-Stems-Jason-Johnston.pdf,pdf,
Understand,Can you illustrate…?,https://higherelearning.com/wp-content/uploads/2016/09/Blooms-Taxonomy-Question-Stems-Jason-Johnston.pdf,pdf,
Understand,Does everyone act in the way that …….. does?,https://higherelearning.com/wp-content/uploads/2016/09/Blooms-Taxonomy-Question-Stems-Jason-Johnston.pdf,pdf,
Apply,Construct a model to demonstrate how it looks or works,https://higherelearning.com/wp-content/uploads/2016/09/Blooms-Taxonomy-Question-Stems-Jason-Johnston.pdf,pdf,
Apply,Practise a play and perform it for the class,https://higherelearning.com/wp-content/uploads/2016/09/Blooms-Taxonomy-Question-Stems-Jason-Johnston.pdf,pdf,
Apply,Make a diorama to illustrate an event,https://higherelearning.com/wp-content/uploads/2016/09/Blooms-Taxonomy-Question-Stems-Jason-Johnston.pdf,pdf,
Apply,Write a diary entry,https://higherelearning.com/wp-content/uploads/2016/09/Blooms-Taxonomy-Question-Stems-Jason-Johnston.pdf,pdf,
Apply,Make a scrapbook about the area of study.,https://higherelearning.com/wp-content/uploads/2016/09/Blooms-Taxonomy-Question-Stems-Jason-Johnston.pdf,pdf,
Apply,Prepare invitations for a character’s birthday party,https://higherelearning.com/wp-content/uploads/2016/09/Blooms-Taxonomy-Question-Stems-Jason-Johnston.pdf,pdf,
Apply,Make a topographic map,https://higherelearning.com/wp-content/uploads/2016/09/Blooms-Taxonomy-Question-Stems-Jason-Johnston.pdf,pdf,
Apply,Take and display a collection of photographs on a particular,https://higherelearning.com/wp-content/uploads/2016/09/Blooms-Taxonomy-Question-Stems-Jason-Johnston.pdf,pdf,
Apply,Make up a puzzle or a game about the topic.,https://higherelearning.com/wp-content/uploads/2016/09/Blooms-Taxonomy-Question-Stems-Jason-Johnston.pdf,pdf,
Apply,Write an explanation about this topic for others.,https://higherelearning.com/wp-content/uploads/2016/09/Blooms-Taxonomy-Question-Stems-Jason-Johnston.pdf,pdf,
Apply,Dress a doll in national costume.,https://higherelearning.com/wp-content/uploads/2016/09/Blooms-Taxonomy-Question-Stems-Jason-Johnston.pdf,pdf,
Apply,Make a clay model…,https://higherelearning.com/wp-content/uploads/2016/09/Blooms-Taxonomy-Question-Stems-Jason-Johnston.pdf,pdf,
Apply,Paint a mural using the same materials.,https://higherelearning.com/wp-content/uploads/2016/09/Blooms-Taxonomy-Question-Stems-Jason-Johnston.pdf,pdf,
Apply,Continue the story…,https://higherelearning.com/wp-content/uploads/2016/09/Blooms-Taxonomy-Question-Stems-Jason-Johnston.pdf,pdf,
Apply,Do you know of another instance where…?,https://higherelearning.com/wp-content/uploads/2016/09/Blooms-Taxonomy-Question-Stems-Jason-Johnston.pdf,pdf,
Apply,Can you group by characteristics such as…?,https://higherelearning.com/wp-content/uploads/2016/09/Blooms-Taxonomy-Question-Stems-Jason-Johnston.pdf,pdf,
Apply,Which factors would you change if…?,https://higherelearning.com/wp-content/uploads/2016/09/Blooms-Taxonomy-Question-Stems-Jason-Johnston.pdf,pdf,
Apply,What questions would you ask of…?,https://higherelearning.com/wp-content/uploads/2016/09/Blooms-Taxonomy-Question-Stems-Jason-Johnston.pdf,pdf,
Apply,"From the information given, can you develop a set of instructions about…?",https://higherelearning.com/wp-content/uploads/2016/09/Blooms-Taxonomy-Question-Stems-Jason-Johnston.pdf,pdf,
Apply,Which approach would you use to….?,https://higherelearning.com/wp-content/uploads/2016/09/Blooms-Taxonomy-Question-Stems-Jason-Johnston.pdf,pdf,
Analyze,Use a Venn Diagram to show how two topics are the same and different,https://higherelearning.com/wp-content/uploads/2016/09/Blooms-Taxonomy-Question-Stems-Jason-Johnston.pdf,pdf,
Analyze,Design a questionnaire to gather information.,https://higherelearning.com/wp-content/uploads/2016/09/Blooms-Taxonomy-Question-Stems-Jason-Johnston.pdf,pdf,
Analyze,Survey classmates to find out what they think. Analyse the results.,https://higherelearning.com/wp-content/uploads/2016/09/Blooms-Taxonomy-Question-Stems-Jason-Johnston.pdf,pdf,
Analyze,Make a flow chart to show the critical stages.,https://higherelearning.com/wp-content/uploads/2016/09/Blooms-Taxonomy-Question-Stems-Jason-Johnston.pdf,pdf,
Analyze,Classify the actions of the characters in the book / role play,https://higherelearning.com/wp-content/uploads/2016/09/Blooms-Taxonomy-Question-Stems-Jason-Johnston.pdf,pdf,
Analyze,Construct a graph to illustrate selected information.,https://higherelearning.com/wp-content/uploads/2016/09/Blooms-Taxonomy-Question-Stems-Jason-Johnston.pdf,pdf,
Analyze,Make a family tree showing relationships.,https://higherelearning.com/wp-content/uploads/2016/09/Blooms-Taxonomy-Question-Stems-Jason-Johnston.pdf,pdf,
Analyze,Devise a role play about the study area.,https://higherelearning.com/wp-content/uploads/2016/09/Blooms-Taxonomy-Question-Stems-Jason-Johnston.pdf,pdf,
Analyze,Write a biography of a person studied.,https://higherelearning.com/wp-content/uploads/2016/09/Blooms-Taxonomy-Question-Stems-Jason-Johnston.pdf,pdf,
Analyze,Prepare a report about the area of study.,https://higherelearning.com/wp-content/uploads/2016/09/Blooms-Taxonomy-Question-Stems-Jason-Johnston.pdf,pdf,
Analyze,Conduct an investigation to produce information to support a,https://higherelearning.com/wp-content/uploads/2016/09/Blooms-Taxonomy-Question-Stems-Jason-Johnston.pdf,pdf,
Analyze,Which events could not have happened?,https://higherelearning.com/wp-content/uploads/2016/09/Blooms-Taxonomy-Question-Stems-Jason-Johnston.pdf,pdf,
Analyze,"If…happened, what might the ending have been?",https://higherelearning.com/wp-content/uploads/2016/09/Blooms-Taxonomy-Question-Stems-Jason-Johnston.pdf,pdf,
Analyze,How is...similar to...?,https://higherelearning.com/wp-content/uploads/2016/09/Blooms-Taxonomy-Question-Stems-Jason-Johnston.pdf,pdf,
Analyze,What do you see as other possible outcomes?,https://higherelearning.com/wp-content/uploads/2016/09/Blooms-Taxonomy-Question-Stems-Jason-Johnston.pdf,pdf,
Analyze,Why did...changes occur?,https://higherelearning.com/wp-content/uploads/2016/09/Blooms-Taxonomy-Question-Stems-Jason-Johnston.pdf,pdf,
Analyze,Can you explain what must have happened when...?,https://higherelearning.com/wp-content/uploads/2016/09/Blooms-Taxonomy-Question-Stems-Jason-Johnston.pdf,pdf,
Analyze,What are some or the problems of...?,https://higherelearning.com/wp-content/uploads/2016/09/Blooms-Taxonomy-Question-Stems-Jason-Johnston.pdf,pdf,
Analyze,Can you distinguish between...?,https://higherelearning.com/wp-content/uploads/2016/09/Blooms-Taxonomy-Question-Stems-Jason-Johnston.pdf,pdf,
Analyze,What were some of the motives behind..?,https://higherelearning.com/wp-content/uploads/2016/09/Blooms-Taxonomy-Question-Stems-Jason-Johnston.pdf,pdf,
Analyze,What was the turning point?,https://higherelearning.com/wp-content/uploads/2016/09/Blooms-Taxonomy-Question-Stems-Jason-Johnston.pdf,pdf,
Analyze,What was the problem with...?,https://higherelearning.com/wp-content/uploads/2016/09/Blooms-Taxonomy-Question-Stems-Jason-Johnston.pdf,pdf,
Analyze,Why is ....of value?,https://higherelearning.com/wp-content/uploads/2016/09/Blooms-Taxonomy-Question-Stems-Jason-Johnston.pdf,pdf,
Analyze,What are the alternatives?,https://higherelearning.com/wp-content/uploads/2016/09/Blooms-Taxonomy-Question-Stems-Jason-Johnston.pdf,pdf,
Analyze,Who will gain & who will lose?,https://higherelearning.com/wp-content/uploads/2016/09/Blooms-Taxonomy-Question-Stems-Jason-Johnston.pdf,pdf,
Evaluate,Write a letter to the editor,https://higherelearning.com/wp-content/uploads/2016/09/Blooms-Taxonomy-Question-Stems-Jason-Johnston.pdf,pdf,
Evaluate,Prepare and conduct a debate,https://higherelearning.com/wp-content/uploads/2016/09/Blooms-Taxonomy-Question-Stems-Jason-Johnston.pdf,pdf,
Evaluate,Write a persuasive speech arguing for/against…,https://higherelearning.com/wp-content/uploads/2016/09/Blooms-Taxonomy-Question-Stems-Jason-Johnston.pdf,pdf,
Evaluate,Make a booklet about five rules you see as important.,https://higherelearning.com/wp-content/uploads/2016/09/Blooms-Taxonomy-Question-Stems-Jason-Johnston.pdf,pdf,
Evaluate,Convince others.,https://higherelearning.com/wp-content/uploads/2016/09/Blooms-Taxonomy-Question-Stems-Jason-Johnston.pdf,pdf,
Evaluate,Form a panel to discuss viewpoints on….,https://higherelearning.com/wp-content/uploads/2016/09/Blooms-Taxonomy-Question-Stems-Jason-Johnston.pdf,pdf,
Evaluate,Write a letter to…advising on changes needed.,https://higherelearning.com/wp-content/uploads/2016/09/Blooms-Taxonomy-Question-Stems-Jason-Johnston.pdf,pdf,
Evaluate,Write a half-yearly report.,https://higherelearning.com/wp-content/uploads/2016/09/Blooms-Taxonomy-Question-Stems-Jason-Johnston.pdf,pdf,
Evaluate,Prepare a case to present your view about...,https://higherelearning.com/wp-content/uploads/2016/09/Blooms-Taxonomy-Question-Stems-Jason-Johnston.pdf,pdf,
Evaluate,What are the pros and cons of....?,https://higherelearning.com/wp-content/uploads/2016/09/Blooms-Taxonomy-Question-Stems-Jason-Johnston.pdf,pdf,
Evaluate,Is there a better solution to...?,https://higherelearning.com/wp-content/uploads/2016/09/Blooms-Taxonomy-Question-Stems-Jason-Johnston.pdf,pdf,
Evaluate,Can you defend your position about...?,https://higherelearning.com/wp-content/uploads/2016/09/Blooms-Taxonomy-Question-Stems-Jason-Johnston.pdf,pdf,
Evaluate,Do you think...is a good or bad thing?,https://higherelearning.com/wp-content/uploads/2016/09/Blooms-Taxonomy-Question-Stems-Jason-Johnston.pdf,pdf,
Evaluate,How would you have handled...?,https://higherelearning.com/wp-content/uploads/2016/09/Blooms-Taxonomy-Question-Stems-Jason-Johnston.pdf,pdf,
Evaluate,What changes to……would you recommend?,https://higherelearning.com/wp-content/uploads/2016/09/Blooms-Taxonomy-Question-Stems-Jason-Johnston.pdf,pdf,
Evaluate,Do you believe...? How would you feel if. ..?,https://higherelearning.com/wp-content/uploads/2016/09/Blooms-Taxonomy-Question-Stems-Jason-Johnston.pdf,pdf,
Evaluate,How effective are. ..?,https://higherelearning.com/wp-content/uploads/2016/09/Blooms-Taxonomy-Question-Stems-Jason-Johnston.pdf,pdf,
Evaluate,What are the consequences..?,https://higherelearning.com/wp-content/uploads/2016/09/Blooms-Taxonomy-Question-Stems-Jason-Johnston.pdf,pdf,
Evaluate,What influence will....have on our lives?,https://higherelearning.com/wp-content/uploads/2016/09/Blooms-Taxonomy-Question-Stems-Jason-Johnston.pdf,pdf,
Create,Invent a tool / machine to do a specific task.,https://higherelearning.com/wp-content/uploads/2016/09/Blooms-Taxonomy-Question-Stems-Jason-Johnston.pdf,pdf,
Create,"Write a TV show play, puppet show, role play, song or pantomime",https://higherelearning.com/wp-content/uploads/2016/09/Blooms-Taxonomy-Question-Stems-Jason-Johnston.pdf,pdf,
Create,Design a new monetary system,https://higherelearning.com/wp-content/uploads/2016/09/Blooms-Taxonomy-Question-Stems-Jason-Johnston.pdf,pdf,
Create,Develop a menu for a new restaurant using a variety of,https://higherelearning.com/wp-content/uploads/2016/09/Blooms-Taxonomy-Question-Stems-Jason-Johnston.pdf,pdf,
Create,"Design a record, book or magazine cover for...",https://higherelearning.com/wp-content/uploads/2016/09/Blooms-Taxonomy-Question-Stems-Jason-Johnston.pdf,pdf,
Create,Devise a way to...,https://higherelearning.com/wp-content/uploads/2016/09/Blooms-Taxonomy-Question-Stems-Jason-Johnston.pdf,pdf,
Create,Make up a new language and use it in an example,https://higherelearning.com/wp-content/uploads/2016/09/Blooms-Taxonomy-Question-Stems-Jason-Johnston.pdf,pdf,
Create,Can you design a...to...?,https://higherelearning.com/wp-content/uploads/2016/09/Blooms-Taxonomy-Question-Stems-Jason-Johnston.pdf,pdf,
Create,Can you see a possible solution to...?,https://higherelearning.com/wp-content/uploads/2016/09/Blooms-Taxonomy-Question-Stems-Jason-Johnston.pdf,pdf,
Create,"If you had access to all resources, how would you deal",https://higherelearning.com/wp-content/uploads/2016/09/Blooms-Taxonomy-Question-Stems-Jason-Johnston.pdf,pdf,
Create,with...?,https://higherelearning.com/wp-content/uploads/2016/09/Blooms-Taxonomy-Question-Stems-Jason-Johnston.pdf,pdf,
Create,Why don't you devise your own way to...?,https://higherelearning.com/wp-content/uploads/2016/09/Blooms-Taxonomy-Question-Stems-Jason-Johnston.pdf,pdf,
Create,What would happen if ...?,https://higherelearning.com/wp-content/uploads/2016/09/Blooms-Taxonomy-Question-Stems-Jason-Johnston.pdf,pdf,
Create,How many ways can you...?,https://higherelearning.com/wp-content/uploads/2016/09/Blooms-Taxonomy-Question-Stems-Jason-Johnston.pdf,pdf,
Create,Can you develop a proposal which would...?,https://higherelearning.com/wp-content/uploads/2016/09/Blooms-Taxonomy-Question-Stems-Jason-Johnston.pdf,pdf,
Remember,What do you remember about _____?,https://www.thoughtco.com/blooms-taxonomy-questions-7598,html,Question Stems for Each Level of Bloom's Taxonomy
Remember,How would you define_____?,https://www.thoughtco.com/blooms-taxonomy-questions-7598,html,Question Stems for Each Level of Bloom's Taxonomy
Remember,How would you identify _____?,https://www.thoughtco.com/blooms-taxonomy-questions-7598,html,Question Stems for Each Level of Bloom's Taxonomy
Remember,How would you recognize _____?,https://www.thoughtco.com/blooms-taxonomy-questions-7598,html,Question Stems for Each Level of Bloom's Taxonomy
Remember,"Who Who was the author of ""Billy Budd?""",https://www.thoughtco.com/blooms-taxonomy-questions-7598,html,Question Stems for Each Level of Bloom's Taxonomy
Understand,How would you generalize_____?,https://www.thoughtco.com/blooms-taxonomy-questions-7598,html,Question Stems for Each Level of Bloom's Taxonomy
Understand,How would you express _____?,https://www.thoughtco.com/blooms-taxonomy-questions-7598,html,Question Stems for Each Level of Bloom's Taxonomy
Understand,What can you infer from _____?,https://www.thoughtco.com/blooms-taxonomy-questions-7598,html,Question Stems for Each Level of Bloom's Taxonomy
Understand,What did you observe_____?,https://www.thoughtco.com/blooms-taxonomy-questions-7598,html,Question Stems for Each Level of Bloom's Taxonomy
Understand,Which Which statements support implementing school uniforms ?,https://www.thoughtco.com/blooms-taxonomy-questions-7598,html,Question Stems for Each Level of Bloom's Taxonomy
Apply,How would you demonstrate ____?,https://www.thoughtco.com/blooms-taxonomy-questions-7598,html,Question Stems for Each Level of Bloom's Taxonomy
Apply,How would you present ____?,https://www.thoughtco.com/blooms-taxonomy-questions-7598,html,Question Stems for Each Level of Bloom's Taxonomy
Apply,How would you change ____?,https://www.thoughtco.com/blooms-taxonomy-questions-7598,html,Question Stems for Each Level of Bloom's Taxonomy
Apply,How would you modify ____?,https://www.thoughtco.com/blooms-taxonomy-questions-7598,html,Question Stems for Each Level of Bloom's Taxonomy
Apply,How can you sort the parts _____?,https://www.thoughtco.com/blooms-taxonomy-questions-7598,html,Question Stems for Each Level of Bloom's Taxonomy
Apply,What can you infer_____?,https://www.thoughtco.com/blooms-taxonomy-questions-7598,html,Question Stems for Each Level of Bloom's Taxonomy
Apply,What ideas validate _____?,https://www.thoughtco.com/blooms-taxonomy-questions-7598,html,Question Stems for Each Level of Bloom's Taxonomy
Apply,How would you explain _____?,https://www.thoughtco.com/blooms-taxonomy-questions-7598,html,Question Stems for Each Level of Bloom's Taxonomy
Apply,What? What is the function of the liver in the body?,https://www.thoughtco.com/blooms-taxonomy-questions-7598,html,Question Stems for Each Level of Bloom's Taxonomy
Apply,"What is the main idea of the story ""The Tell-Tale Heart""?",https://www.thoughtco.com/blooms-taxonomy-questions-7598,html,Question Stems for Each Level of Bloom's Taxonomy
Apply,What assumptions do we have to make when discussing Einstein's Theory of Relativity?,https://www.thoughtco.com/blooms-taxonomy-questions-7598,html,Question Stems for Each Level of Bloom's Taxonomy
Evaluate,What criteria would you use to assess _____?,https://www.thoughtco.com/blooms-taxonomy-questions-7598,html,Question Stems for Each Level of Bloom's Taxonomy
Evaluate,What data were used to evaluate _____?,https://www.thoughtco.com/blooms-taxonomy-questions-7598,html,Question Stems for Each Level of Bloom's Taxonomy
Evaluate,How could you verify _____?,https://www.thoughtco.com/blooms-taxonomy-questions-7598,html,Question Stems for Each Level of Bloom's Taxonomy
Evaluate,What information would you use to prioritize _____?,https://www.thoughtco.com/blooms-taxonomy-questions-7598,html,Question Stems for Each Level of Bloom's Taxonomy
Evaluate,Justify Are the arts an important part of a school's curriculum? Justify your answer.,https://www.thoughtco.com/blooms-taxonomy-questions-7598,html,Question Stems for Each Level of Bloom's Taxonomy
Create,What alternative would you suggest for ___?,https://www.thoughtco.com/blooms-taxonomy-questions-7598,html,Question Stems for Each Level of Bloom's Taxonomy
Create,What changes would you make to revise___?,https://www.thoughtco.com/blooms-taxonomy-questions-7598,html,Question Stems for Each Level of Bloom's Taxonomy
Create,How would you generate a plan to ___?,https://www.thoughtco.com/blooms-taxonomy-questions-7598,html,Question Stems for Each Level of Bloom's Taxonomy
Create,What could you invent___?,https://www.thoughtco.com/blooms-taxonomy-questions-7598,html,Question Stems for Each Level of Bloom's Taxonomy
Apply,Knowledge: How many…? Who was it that…? Can you name the…? These stems prompt students to provide thoughtful answers that demonstrate recall and understanding.,https://tophat.com/blog/blooms-taxonomy-question-stems/,html,Bloom’s Taxonomy Question Stems: 100+ Engaging Prompts | Top Hat
Apply,Comprehension: Can you write in your own words…? Can you write a brief outline…? What do you think could have happened next…?,https://tophat.com/blog/blooms-taxonomy-question-stems/,html,Bloom’s Taxonomy Question Stems: 100+ Engaging Prompts | Top Hat
Apply,Application: Choose the best statements that apply… Judge the effects of… What would result …?,https://tophat.com/blog/blooms-taxonomy-question-stems/,html,Bloom’s Taxonomy Question Stems: 100+ Engaging Prompts | Top Hat
Apply,"Analysis: Which events could have happened…? If … happened, how might the ending have been different? How was this similar to…? How does comparing these two events help you understand their significance?",https://tophat.com/blog/blooms-taxonomy-question-stems/,html,Bloom’s Taxonomy Question Stems: 100+ Engaging Prompts | Top Hat
Apply,"Evaluation: What criteria would you use to assess…? What data was used to evaluate…? How could you verify…? What point is the author trying to make, and do you agree with it?",https://tophat.com/blog/blooms-taxonomy-question-stems/,html,Bloom’s Taxonomy Question Stems: 100+ Engaging Prompts | Top Hat
Apply,Remember: Who…? What…? Where…? How…? These stems are designed to elicit a range of answers that demonstrate comprehension and higher-order thinking.,https://tophat.com/blog/blooms-taxonomy-question-stems/,html,Bloom’s Taxonomy Question Stems: 100+ Engaging Prompts | Top Hat
Apply,Understand: How would you generalize…? How would you express…? What information can you infer from…? How would you interpret the meaning of this passage?,https://tophat.com/blog/blooms-taxonomy-question-stems/,html,Bloom’s Taxonomy Question Stems: 100+ Engaging Prompts | Top Hat
Apply,Apply: How would you demonstrate…? How would you present…? Draw a story map…,https://tophat.com/blog/blooms-taxonomy-question-stems/,html,Bloom’s Taxonomy Question Stems: 100+ Engaging Prompts | Top Hat
Apply,Analyze: How can you sort the different parts…? What can you infer about…? What ideas validate…? How would you categorize…? How does interpreting the data help you draw conclusions? How does organizing the information help you see patterns?,https://tophat.com/blog/blooms-taxonomy-question-stems/,html,Bloom’s Taxonomy Question Stems: 100+ Engaging Prompts | Top Hat
Apply,Evaluate: What criteria would you use to assess…? What sources could you use to verify…? What information would you use to prioritize…? What are the possible outcomes for…?,https://tophat.com/blog/blooms-taxonomy-question-stems/,html,Bloom’s Taxonomy Question Stems: 100+ Engaging Prompts | Top Hat
Apply,Create: What would happen if…? List the ways you can…? Can you brainstorm a better solution for…? What elements would you combine to develop a new approach?,https://tophat.com/blog/blooms-taxonomy-question-stems/,html,Bloom’s Taxonomy Question Stems: 100+ Engaging Prompts | Top Hat
Apply,Remember (Knowledge): What are the four primary states of matter? Can you list the main events of the American Civil War? What are the three branches of government? What is the definition of a democracy?,https://tophat.com/blog/blooms-taxonomy-question-stems/,html,Bloom’s Taxonomy Question Stems: 100+ Engaging Prompts | Top Hat
Apply,"Critical Analysis (Analysis): “What are the ethical implications of the decision made by the characters in the novel, and how do they reflect broader societal values?”",https://tophat.com/blog/blooms-taxonomy-question-stems/,html,Bloom’s Taxonomy Question Stems: 100+ Engaging Prompts | Top Hat
Apply,"Problem-Solving (Application): “Given the current environmental challenges, how can we develop sustainable energy solutions that balance economic and ecological concerns?”",https://tophat.com/blog/blooms-taxonomy-question-stems/,html,Bloom’s Taxonomy Question Stems: 100+ Engaging Prompts | Top Hat
Apply,"Evaluation of Evidence (Evaluation): “Based on the data presented in this research paper, do you think the study’s conclusions are valid? Why or why not?”",https://tophat.com/blog/blooms-taxonomy-question-stems/,html,Bloom’s Taxonomy Question Stems: 100+ Engaging Prompts | Top Hat
Apply,Hypothetical Scenario (Synthesis): “Imagine you are the CEO of a multinational corporation. How would you navigate the challenges of globalization and cultural diversity in your company’s workforce?”,https://tophat.com/blog/blooms-taxonomy-question-stems/,html,Bloom’s Taxonomy Question Stems: 100+ Engaging Prompts | Top Hat
Apply,"Ethical Dilemma (Evaluation): “In a medical emergency with limited resources, how should healthcare professionals prioritize patients, and what ethical principles should guide their decisions?”",https://tophat.com/blog/blooms-taxonomy-question-stems/,html,Bloom’s Taxonomy Question Stems: 100+ Engaging Prompts | Top Hat
Apply,Interdisciplinary Connection (Synthesis): “How can principles from psychology and sociology be integrated to address the mental health needs of a diverse student population in higher education institutions?”,https://tophat.com/blog/blooms-taxonomy-question-stems/,html,Bloom’s Taxonomy Question Stems: 100+ Engaging Prompts | Top Hat
Apply,Creative Problem-Solving (Synthesis): “Propose a novel solution to reduce urban congestion while promoting eco-friendly transportation options. What are the potential benefits and challenges of your solution?”,https://tophat.com/blog/blooms-taxonomy-question-stems/,html,Bloom’s Taxonomy Question Stems: 100+ Engaging Prompts | Top Hat
Apply,Alternative Solutions (Synthesis): “Can you propose an alternative approach to solving the issue discussed in class? What makes your alternative effective or innovative?”,https://tophat.com/blog/blooms-taxonomy-question-stems/,html,Bloom’s Taxonomy Question Stems: 100+ Engaging Prompts | Top Hat
Apply,Compiling Evidence (Analysis): “Compile information from at least three different sources to support your argument on this topic. How does compiling these perspectives strengthen your position?”,https://tophat.com/blog/blooms-taxonomy-question-stems/,html,Bloom’s Taxonomy Question Stems: 100+ Engaging Prompts | Top Hat
Apply,"Identifying Elements (Analysis): “What are the key elements of this theory or concept, and how do they interact to form the overall framework?”",https://tophat.com/blog/blooms-taxonomy-question-stems/,html,Bloom’s Taxonomy Question Stems: 100+ Engaging Prompts | Top Hat
Apply,Organizing Information (Application): “How would you go about organizing the information from this chapter to improve your understanding and retention?”,https://tophat.com/blog/blooms-taxonomy-question-stems/,html,Bloom’s Taxonomy Question Stems: 100+ Engaging Prompts | Top Hat
Apply,"Comparing Viewpoints (Analysis): “When comparing these two theories, what are the main similarities and differences, and how do they affect your interpretation of the subject?”",https://tophat.com/blog/blooms-taxonomy-question-stems/,html,Bloom’s Taxonomy Question Stems: 100+ Engaging Prompts | Top Hat
Apply,"Interpreting Data (Analysis): “Interpret the data presented in this chart. What trends or patterns do you notice, and what might they indicate?”",https://tophat.com/blog/blooms-taxonomy-question-stems/,html,Bloom’s Taxonomy Question Stems: 100+ Engaging Prompts | Top Hat
Apply,Evaluating Importance (Evaluation): “What is the importance of this idea or action in the context of the overall argument? How does it influence your perspective?”,https://tophat.com/blog/blooms-taxonomy-question-stems/,html,Bloom’s Taxonomy Question Stems: 100+ Engaging Prompts | Top Hat
Apply,"Identifying the Main Point (Analysis): “What is the main point of the author’s argument, and how effectively is it supported by evidence?”",https://tophat.com/blog/blooms-taxonomy-question-stems/,html,Bloom’s Taxonomy Question Stems: 100+ Engaging Prompts | Top Hat
Apply,Applying Bloom’s Taxonomy in Programs (Application): “How can Bloom’s Taxonomy be applied within educational programs to enhance student engagement and learning outcomes? Provide specific examples from existing programs.”,https://tophat.com/blog/blooms-taxonomy-question-stems/,html,Bloom’s Taxonomy Question Stems: 100+ Engaging Prompts | Top Hat
Apply,"Q: How are Bloom’s Taxonomy verbs used? A: Verbs like “describe,” “design” and “evaluate” clarify learning goals and help students understand what’s expected of them at each stage.",https://tophat.com/blog/blooms-taxonomy-question-stems/,html,Bloom’s Taxonomy Question Stems: 100+ Engaging Prompts | Top Hat
Apply,"Q: What is Bloom’s Taxonomy ? A: Bloom’s Taxonomy is a framework for categorizing educational goals. Its definition is a hierarchical model that classifies thinking according to six cognitive levels, from simple recall to complex creation.",https://tophat.com/blog/blooms-taxonomy-question-stems/,html,Bloom’s Taxonomy Question Stems: 100+ Engaging Prompts | Top Hat
